{
  "subject": "boxscore",
  "copyright": "Copyright 2017 MLB Advanced Media, L.P.  Use of any content on this page acknowledges agreement to the terms posted here http://gdx.mlb.com/components/copyright.txt",
  "data": {
    "boxscore": {
      "home_sname": "Colorado",
      "away_fname": "Arizona Diamondbacks",
      "game_info": "\n      <game_score>Greinke 65; Marquez 36.</game_score><br/>\n      <wild_pitches>Oberg 2.</wild_pitches><br/>\n      <pitches_to_strikes>Greinke 97-70; Bradley, A 32-23; Rodney 8-4; Marquez 101-67; Oberg 15-13; Lyles 24-16.</pitches_to_strikes><br/>\n      <groundouts_to_flyouts>Greinke 10-3; Bradley, A 0-0; Rodney 1-1; Marquez 7-4; Oberg 2-0; Lyles 4-0.</groundouts_to_flyouts><br/>\n      <batters_faced>Greinke 27; Bradley, A 8; Rodney 2; Marquez 26; Oberg 5; Lyles 7.</batters_faced><br/>\n      <inherited_runners_scored>Rodney 3-1.</inherited_runners_scored><br/>\n      <umpires>\n         <umpire id=\"427093\" position=\"HP\" name=\"Phil Cuzzi\"></umpire>\n         <umpire id=\"483569\" position=\"1B\" name=\"Vic Carapazza\"></umpire>\n         <umpire id=\"427533\" position=\"2B\" name=\"Mark Wegner\"></umpire>\n         <umpire id=\"483919\" position=\"3B\" name=\"Mark Ripperger\"></umpire>\n      </umpires>\n      <weather>78 degrees, clear</weather>\n      <wind>5 mph, Out to LF</wind>\n      <weather>6:42 PM</weather>\n      <time>2:56</time>\n      <attendance>30,030</attendance>\n      <wind>Coors Field</wind>\n      <wind>May 5, 2017</wind>",
      "home_loss": "12",
      "venue_name": "Coors Field",
      "linescore": {
        "home_team_runs": "3",
        "home_team_errors": "0",
        "home_team_hits": "9",
        "inning_line_score": [
          {
            "home": "0",
            "away": "2",
            "inning": "1"
          },
          {
            "home": "0",
            "away": "0",
            "inning": "2"
          },
          {
            "home": "0",
            "away": "3",
            "inning": "3"
          },
          {
            "home": "1",
            "away": "0",
            "inning": "4"
          },
          {
            "home": "0",
            "away": "0",
            "inning": "5"
          },
          {
            "home": "0",
            "away": "0",
            "inning": "6"
          },
          {
            "home": "1",
            "away": "1",
            "inning": "7"
          },
          {
            "home": "0",
            "away": "0",
            "inning": "8"
          },
          {
            "home": "1",
            "away": "0",
            "inning": "9"
          }
        ],
        "away_team_errors": "0",
        "away_team_runs": "6",
        "away_team_hits": "8"
      },
      "home_sport_code": "mlb",
      "away_wins": "18",
      "game_pk": "490529",
      "status_ind": "F",
      "date": "May 5, 2017",
      "pitching": [
        {
          "hr": "1",
          "so": "10",
          "r": "3",
          "pitcher": [
            {
              "hr": "1",
              "s_er": "15",
              "np": "97",
              "name_display_first_last": "Zack Greinke",
              "s_h": "43",
              "era": "3.09",
              "game_score": "65",
              "bs": "0",
              "pos": "P",
              "id": "425844",
              "name": "Greinke",
              "bf": "27",
              "sv": "0",
              "bb": "0",
              "note": "(W, 3-2)",
              "hld": "0",
              "so": "7",
              "s_so": "47",
              "l": "2",
              "win": "true",
              "h": "6",
              "s_ip": "43.2",
              "w": "3",
              "s_bb": "8",
              "s_r": "15",
              "s": "70",
              "r": "2",
              "er": "2",
              "out": "21"
            },
            {
              "hr": "0",
              "s_er": "3",
              "np": "32",
              "name_display_first_last": "Archie Bradley",
              "s_h": "12",
              "era": "1.56",
              "game_score": "40",
              "bs": "0",
              "pos": "P",
              "id": "605151",
              "name": "Bradley, A",
              "bf": "8",
              "sv": "0",
              "bb": "1",
              "hld": "4",
              "so": "3",
              "s_so": "22",
              "l": "0",
              "h": "3",
              "s_ip": "17.1",
              "w": "1",
              "s_bb": "4",
              "s_r": "3",
              "s": "23",
              "r": "1",
              "er": "1",
              "out": "4"
            },
            {
              "hr": "0",
              "s_er": "14",
              "save": "true",
              "np": "8",
              "name_display_first_last": "Fernando Rodney",
              "s_h": "16",
              "era": "10.80",
              "game_score": "44",
              "bs": "2",
              "pos": "P",
              "id": "407845",
              "name": "Rodney",
              "bf": "2",
              "sv": "8",
              "bb": "0",
              "note": "(S, 8)",
              "hld": "0",
              "so": "0",
              "s_so": "14",
              "l": "2",
              "h": "0",
              "s_ip": "11.2",
              "w": "1",
              "s_bb": "7",
              "s_r": "15",
              "s": "4",
              "r": "0",
              "er": "0",
              "out": "2"
            }
          ],
          "bf": "37",
          "era": "3.73",
          "team_flag": "away",
          "bb": "1",
          "er": "3",
          "h": "9",
          "out": "27"
        },
        {
          "hr": "2",
          "so": "6",
          "r": "6",
          "pitcher": [
            {
              "hr": "2",
              "s_er": "13",
              "loss": "true",
              "np": "101",
              "name_display_first_last": "German Marquez",
              "s_h": "20",
              "era": "7.31",
              "game_score": "36",
              "bs": "0",
              "pos": "P",
              "id": "608566",
              "name": "Marquez",
              "bf": "26",
              "sv": "0",
              "bb": "3",
              "note": "(L, 0-2)",
              "hld": "0",
              "so": "3",
              "s_so": "13",
              "l": "2",
              "h": "5",
              "s_ip": "16.0",
              "w": "0",
              "s_bb": "7",
              "s_r": "13",
              "s": "67",
              "r": "5",
              "er": "5",
              "out": "18"
            },
            {
              "hr": "0",
              "s_er": "7",
              "np": "15",
              "name_display_first_last": "Scott Oberg",
              "s_h": "10",
              "era": "4.50",
              "game_score": "43",
              "bs": "0",
              "pos": "P",
              "id": "623184",
              "name": "Oberg",
              "bf": "5",
              "sv": "0",
              "bb": "0",
              "hld": "2",
              "so": "2",
              "s_so": "14",
              "l": "0",
              "h": "1",
              "s_ip": "14.0",
              "w": "0",
              "s_bb": "6",
              "s_r": "9",
              "s": "13",
              "r": "1",
              "er": "1",
              "out": "3"
            },
            {
              "hr": "0",
              "s_er": "13",
              "np": "24",
              "name_display_first_last": "Jordan Lyles",
              "s_h": "21",
              "era": "8.56",
              "game_score": "49",
              "bs": "0",
              "pos": "P",
              "id": "543475",
              "name": "Lyles",
              "bf": "7",
              "sv": "0",
              "bb": "0",
              "hld": "0",
              "so": "1",
              "s_so": "14",
              "l": "1",
              "h": "2",
              "s_ip": "13.2",
              "w": "0",
              "s_bb": "4",
              "s_r": "13",
              "s": "16",
              "r": "0",
              "er": "0",
              "out": "6"
            }
          ],
          "bf": "38",
          "era": "4.45",
          "team_flag": "home",
          "bb": "3",
          "er": "6",
          "h": "8",
          "out": "27"
        }
      ],
      "home_id": "115",
      "away_loss": "13",
      "game_info_es": "\n      <game_score>Greinke 65; Marquez 36.</game_score><br/>\n      <wild_pitches>Oberg 2.</wild_pitches><br/>\n      <pitches_to_strikes>Greinke 97-70; Bradley, A 32-23; Rodney 8-4; Marquez 101-67; Oberg 15-13; Lyles 24-16.</pitches_to_strikes><br/>\n      <groundouts_to_flyouts>Greinke 10-3; Bradley, A 0-0; Rodney 1-1; Marquez 7-4; Oberg 2-0; Lyles 4-0.</groundouts_to_flyouts><br/>\n      <batters_faced>Greinke 27; Bradley, A 8; Rodney 2; Marquez 26; Oberg 5; Lyles 7.</batters_faced><br/>\n      <inherited_runners_scored>Rodney 3-1.</inherited_runners_scored><br/>\n      <umpires>\n         <umpire id=\"427093\" position=\"HP\" name=\"Phil Cuzzi\"></umpire>\n         <umpire id=\"483569\" position=\"1B\" name=\"Vic Carapazza\"></umpire>\n         <umpire id=\"427533\" position=\"2B\" name=\"Mark Wegner\"></umpire>\n         <umpire id=\"483919\" position=\"3B\" name=\"Mark Ripperger\"></umpire>\n      </umpires>\n      <weather>78 degrees, clear</weather>\n      <wind>5 mph, Out to LF</wind>\n      <weather>6:42 PM</weather>\n      <time>2:56</time>\n      <attendance>30,030</attendance>\n      <wind>Coors Field</wind>\n      <wind>May 5, 2017</wind>",
      "batting": [
        {
          "hr": "1",
          "d": "1",
          "da": "13",
          "so": "10",
          "batter": [
            {
              "hr": "0",
              "sac": "0",
              "name_display_first_last": "Charlie Blackmon",
              "s_h": "36",
              "s_hr": "7",
              "s_rbi": "25",
              "pos": "CF",
              "id": "453568",
              "rbi": "0",
              "bo": "100",
              "lob": "2",
              "name": "Blackmon",
              "slg": ".568",
              "avg": ".288",
              "bb": "0",
              "fldg": "1.000",
              "ops": ".901",
              "hbp": "0",
              "d": "0",
              "e": "0",
              "so": "1",
              "a": "0",
              "s_so": "26",
              "sf": "0",
              "h": "1",
              "cs": "0",
              "obp": ".333",
              "s_bb": "8",
              "s_r": "17",
              "t": "0",
              "ao": "2",
              "r": "0",
              "sb": "0",
              "po": "2",
              "ab": "5",
              "go": "1"
            },
            {
              "hr": "0",
              "sac": "0",
              "name_display_first_last": "DJ LeMahieu",
              "s_h": "30",
              "s_hr": "1",
              "s_rbi": "8",
              "pos": "2B",
              "id": "518934",
              "rbi": "0",
              "bo": "200",
              "lob": "1",
              "name": "LeMahieu",
              "slg": ".357",
              "avg": ".268",
              "bb": "0",
              "fldg": "1.000",
              "ops": ".711",
              "hbp": "0",
              "d": "0",
              "e": "0",
              "so": "2",
              "a": "4",
              "s_so": "16",
              "sf": "0",
              "h": "1",
              "cs": "0",
              "obp": ".354",
              "s_bb": "14",
              "s_r": "12",
              "t": "0",
              "ao": "0",
              "r": "0",
              "sb": "0",
              "po": "1",
              "ab": "4",
              "go": "1"
            },
            {
              "hr": "0",
              "sac": "0",
              "name_display_first_last": "Nolan Arenado",
              "s_h": "33",
              "s_hr": "7",
              "s_rbi": "19",
              "pos": "3B",
              "id": "571448",
              "rbi": "0",
              "bo": "300",
              "lob": "2",
              "name": "Arenado",
              "slg": ".574",
              "avg": ".287",
              "bb": "0",
              "fldg": "1.000",
              "ops": ".918",
              "hbp": "0",
              "d": "0",
              "e": "0",
              "so": "1",
              "a": "1",
              "s_so": "20",
              "sf": "0",
              "h": "1",
              "cs": "0",
              "obp": ".344",
              "s_bb": "9",
              "s_r": "17",
              "t": "0",
              "ao": "1",
              "r": "0",
              "sb": "0",
              "po": "0",
              "ab": "4",
              "go": "1"
            },
            {
              "hr": "0",
              "sac": "0",
              "name_display_first_last": "Ian Desmond",
              "s_h": "7",
              "s_hr": "2",
              "s_rbi": "3",
              "pos": "LF",
              "id": "435622",
              "rbi": "0",
              "bo": "400",
              "lob": "3",
              "name": "Desmond",
              "slg": ".565",
              "avg": ".304",
              "bb": "0",
              "fldg": "1.000",
              "ops": ".869",
              "hbp": "0",
              "d": "0",
              "e": "0",
              "so": "3",
              "a": "0",
              "s_so": "9",
              "sf": "0",
              "h": "0",
              "cs": "0",
              "obp": ".304",
              "s_bb": "0",
              "s_r": "5",
              "t": "0",
              "ao": "0",
              "r": "0",
              "sb": "0",
              "po": "1",
              "ab": "4",
              "go": "1"
            },
            {
              "hr": "1",
              "sac": "0",
              "name_display_first_last": "Mark Reynolds",
              "s_h": "33",
              "s_hr": "9",
              "s_rbi": "24",
              "pos": "1B",
              "id": "448602",
              "rbi": "1",
              "bo": "500",
              "lob": "0",
              "name": "Reynolds, Ma",
              "slg": ".619",
              "avg": ".314",
              "bb": "0",
              "fldg": "1.000",
              "ops": ".990",
              "hbp": "0",
              "d": "0",
              "e": "0",
              "so": "1",
              "a": "0",
              "s_so": "26",
              "sf": "0",
              "h": "2",
              "cs": "0",
              "obp": ".371",
              "s_bb": "10",
              "s_r": "17",
              "t": "0",
              "ao": "1",
              "r": "2",
              "sb": "0",
              "po": "15",
              "ab": "4"
            },
            {
              "hr": "0",
              "sac": "0",
              "name_display_first_last": "Gerardo Parra",
              "s_h": "25",
              "s_hr": "3",
              "s_rbi": "12",
              "pos": "RF",
              "id": "467827",
              "rbi": "0",
              "bo": "600",
              "lob": "0",
              "name": "Parra",
              "slg": ".419",
              "avg": ".291",
              "bb": "0",
              "fldg": "1.000",
              "ops": ".741",
              "hbp": "0",
              "d": "0",
              "e": "0",
              "so": "0",
              "a": "0",
              "s_so": "17",
              "sf": "0",
              "h": "3",
              "cs": "0",
              "obp": ".322",
              "s_bb": "3",
              "s_r": "12",
              "t": "0",
              "ao": "0",
              "r": "1",
              "sb": "0",
              "po": "2",
              "ab": "4",
              "go": "1"
            },
            {
              "hr": "0",
              "sac": "0",
              "name_display_first_last": "Trevor Story",
              "s_h": "15",
              "s_hr": "6",
              "s_rbi": "13",
              "pos": "SS",
              "id": "596115",
              "rbi": "0",
              "bo": "700",
              "lob": "2",
              "name": "Story",
              "slg": ".381",
              "avg": ".155",
              "bb": "1",
              "fldg": "1.000",
              "ops": ".649",
              "hbp": "0",
              "d": "0",
              "e": "0",
              "so": "1",
              "a": "4",
              "s_so": "43",
              "sf": "0",
              "h": "0",
              "cs": "0",
              "obp": ".268",
              "s_bb": "15",
              "s_r": "15",
              "t": "0",
              "ao": "1",
              "r": "0",
              "sb": "0",
              "po": "2",
              "ab": "3",
              "go": "1"
            },
            {
              "hr": "0",
              "sac": "0",
              "name_display_first_last": "Dustin Garneau",
              "s_h": "12",
              "s_hr": "1",
              "s_rbi": "6",
              "pos": "C",
              "id": "572863",
              "rbi": "1",
              "bo": "800",
              "lob": "4",
              "name": "Garneau",
              "slg": ".400",
              "avg": ".218",
              "bb": "0",
              "fldg": "1.000",
              "ops": ".671",
              "hbp": "0",
              "d": "1",
              "e": "0",
              "so": "1",
              "a": "1",
              "s_so": "22",
              "sf": "0",
              "h": "1",
              "cs": "0",
              "obp": ".271",
              "s_bb": "3",
              "s_r": "5",
              "t": "0",
              "ao": "1",
              "r": "0",
              "sb": "0",
              "po": "4",
              "ab": "4",
              "go": "1"
            },
            {
              "hr": "0",
              "sac": "0",
              "name_display_first_last": "German Marquez",
              "s_h": "0",
              "s_hr": "0",
              "s_rbi": "0",
              "pos": "P",
              "id": "608566",
              "rbi": "0",
              "bo": "900",
              "lob": "0",
              "name": "Marquez",
              "slg": ".000",
              "avg": ".000",
              "bb": "0",
              "fldg": "1.000",
              "ops": ".000",
              "hbp": "0",
              "d": "0",
              "e": "0",
              "so": "0",
              "a": "2",
              "s_so": "1",
              "sf": "0",
              "h": "0",
              "cs": "0",
              "obp": ".000",
              "s_bb": "0",
              "s_r": "0",
              "t": "0",
              "ao": "0",
              "r": "0",
              "sb": "0",
              "po": "0",
              "ab": "2",
              "go": "2"
            },
            {
              "hr": "0",
              "sac": "0",
              "name_display_first_last": "Scott Oberg",
              "s_h": "0",
              "s_hr": "0",
              "s_rbi": "0",
              "pos": "P",
              "id": "623184",
              "rbi": "0",
              "bo": "901",
              "lob": "0",
              "name": "Oberg",
              "slg": ".000",
              "avg": ".000",
              "bb": "0",
              "fldg": ".000",
              "ops": ".000",
              "hbp": "0",
              "d": "0",
              "e": "0",
              "so": "0",
              "a": "0",
              "s_so": "0",
              "sf": "0",
              "h": "0",
              "cs": "0",
              "obp": ".000",
              "s_bb": "0",
              "s_r": "0",
              "t": "0",
              "ao": "0",
              "r": "0",
              "sb": "0",
              "po": "0",
              "ab": "0"
            },
            {
              "hr": "0",
              "sac": "0",
              "name_display_first_last": "Alexi Amarista",
              "s_h": "9",
              "s_hr": "1",
              "s_rbi": "6",
              "pos": "PH",
              "id": "506560",
              "rbi": "0",
              "bo": "902",
              "lob": "1",
              "name": "Amarista",
              "slg": ".483",
              "avg": ".310",
              "bb": "0",
              "fldg": ".000",
              "note": "a-",
              "ops": ".816",
              "hbp": "0",
              "d": "0",
              "e": "0",
              "so": "0",
              "a": "0",
              "s_so": "7",
              "sf": "0",
              "h": "0",
              "cs": "0",
              "obp": ".333",
              "s_bb": "1",
              "s_r": "6",
              "t": "0",
              "ao": "0",
              "r": "0",
              "sb": "0",
              "po": "0",
              "ab": "1",
              "go": "1"
            },
            {
              "hr": "0",
              "sac": "0",
              "name_display_first_last": "Jordan Lyles",
              "s_h": "0",
              "s_hr": "0",
              "s_rbi": "0",
              "pos": "P",
              "id": "543475",
              "rbi": "0",
              "bo": "903",
              "lob": "0",
              "name": "Lyles",
              "slg": ".000",
              "avg": ".000",
              "bb": "0",
              "fldg": "1.000",
              "ops": ".000",
              "hbp": "0",
              "d": "0",
              "e": "0",
              "so": "0",
              "a": "1",
              "s_so": "0",
              "sf": "0",
              "h": "0",
              "cs": "0",
              "obp": ".000",
              "s_bb": "0",
              "s_r": "0",
              "t": "0",
              "ao": "0",
              "r": "0",
              "sb": "0",
              "po": "0",
              "ab": "0"
            },
            {
              "hr": "0",
              "sac": "0",
              "name_display_first_last": "Pat Valaika",
              "s_h": "5",
              "s_hr": "0",
              "s_rbi": "2",
              "pos": "PH",
              "id": "642162",
              "rbi": "1",
              "bo": "904",
              "lob": "2",
              "name": "Valaika",
              "slg": ".444",
              "avg": ".278",
              "bb": "0",
              "fldg": ".000",
              "note": "b-",
              "ops": ".760",
              "hbp": "0",
              "d": "0",
              "e": "0",
              "so": "0",
              "a": "0",
              "s_so": "2",
              "sf": "0",
              "h": "0",
              "cs": "0",
              "obp": ".316",
              "s_bb": "1",
              "s_r": "4",
              "t": "0",
              "ao": "0",
              "r": "0",
              "sb": "0",
              "po": "0",
              "ab": "1",
              "go": "1"
            }
          ],
          "h": "9",
          "text_data_es": "\n         <doubles>Garneau (7, Greinke).</doubles><br/>\n         <home_runs>Reynolds, Ma (9, 4th entrada ante Greinke, 0 en base, 2 out).</home_runs><br/>\n         <total_bases>Garneau 2; Arenado; Parra 3; Reynolds, Ma 5; LeMahieu; Blackmon.</total_bases><br/>\n         <rbi>Reynolds, Ma (24); Garneau (6); Valaika (2).</rbi><br/>\n         <two_out_rbi>Reynolds, Ma; Garneau.</two_out_rbi><br/>\n         <risp_lob_two_out>Amarista; Blackmon 2.</risp_lob_two_out><br/>\n         <team_risp>\n            \t\t\t\t\t\t\tde 0-4.\n         </team_risp>\n         <team_lob>7.</team_lob>\n         <passed_balls>Garneau (3).</passed_balls><br/>\n         <double_plays>(LeMahieu-Story-Reynolds, Ma).</double_plays><br/><br/>",
          "note_es": "\n         <pinch_hitters>a-BateÃ³ por Oberg en la 7th. b-BateÃ³ por Lyles en la 9th. </pinch_hitters>",
          "text_data": "\n         <doubles>Garneau (7, Greinke).</doubles><br/>\n         <home_runs>Reynolds, Ma (9, 4th inning off Greinke, 0 on, 2 out).</home_runs><br/>\n         <total_bases>Garneau 2; Arenado; Parra 3; Reynolds, Ma 5; LeMahieu; Blackmon.</total_bases><br/>\n         <rbi>Reynolds, Ma (24); Garneau (6); Valaika (2).</rbi><br/>\n         <two_out_rbi>Reynolds, Ma; Garneau.</two_out_rbi><br/>\n         <risp_lob_two_out>Amarista; Blackmon 2.</risp_lob_two_out><br/>\n         <team_risp>0-for-4.</team_risp>\n         <team_lob>7.</team_lob>\n         <passed_balls>Garneau (3).</passed_balls><br/>\n         <double_plays>(LeMahieu-Story-Reynolds, Ma).</double_plays><br/><br/>",
          "obp": ".308",
          "rbi": "3",
          "lob": "17",
          "t": "0",
          "r": "3",
          "team_flag": "home",
          "ab": "36",
          "po": "27",
          "slg": ".432",
          "avg": ".250",
          "bb": "1",
          "note": "\n         <pinch_hitters>a-Grounded out for Oberg in the 7th. b-Grounded out for Lyles in the 9th. </pinch_hitters>",
          "ops": ".740"
        },
        {
          "hr": "2",
          "d": "2",
          "da": "11",
          "so": "6",
          "batter": [
            {
              "hr": "0",
              "sac": "0",
              "name_display_first_last": "A.J. Pollock",
              "s_h": "38",
              "s_hr": "2",
              "s_rbi": "8",
              "pos": "CF",
              "id": "572041",
              "rbi": "0",
              "bo": "100",
              "lob": "2",
              "name": "Pollock",
              "slg": ".480",
              "avg": ".309",
              "bb": "0",
              "fldg": "1.000",
              "ops": ".831",
              "hbp": "0",
              "d": "1",
              "e": "0",
              "so": "2",
              "a": "0",
              "s_so": "22",
              "sf": "0",
              "h": "2",
              "cs": "0",
              "obp": ".351",
              "s_bb": "8",
              "s_r": "22",
              "t": "1",
              "ao": "1",
              "r": "2",
              "sb": "0",
              "po": "3",
              "ab": "5"
            },
            {
              "hr": "0",
              "gidp": "1",
              "sac": "0",
              "name_display_first_last": "David Peralta",
              "s_h": "30",
              "s_hr": "3",
              "s_rbi": "8",
              "pos": "RF",
              "id": "444482",
              "rbi": "1",
              "bo": "200",
              "lob": "1",
              "name": "Peralta, D",
              "slg": ".485",
              "avg": ".309",
              "bb": "1",
              "fldg": "1.000",
              "ops": ".855",
              "hbp": "0",
              "d": "0",
              "e": "0",
              "so": "1",
              "a": "0",
              "s_so": "20",
              "sf": "0",
              "h": "0",
              "cs": "0",
              "obp": ".370",
              "s_bb": "9",
              "s_r": "15",
              "t": "0",
              "ao": "0",
              "r": "2",
              "sb": "0",
              "po": "2",
              "ab": "4",
              "go": "4"
            },
            {
              "hr": "2",
              "sac": "0",
              "name_display_first_last": "Paul Goldschmidt",
              "s_h": "35",
              "s_hr": "7",
              "s_rbi": "26",
              "pos": "1B",
              "id": "502671",
              "rbi": "5",
              "bo": "300",
              "lob": "0",
              "name": "Goldschmidt",
              "slg": ".594",
              "avg": ".330",
              "bb": "1",
              "fldg": "1.000",
              "ops": "1.064",
              "hbp": "0",
              "d": "0",
              "e": "0",
              "so": "0",
              "a": "0",
              "s_so": "22",
              "sf": "0",
              "h": "3",
              "cs": "0",
              "obp": ".470",
              "s_bb": "25",
              "s_r": "24",
              "t": "0",
              "ao": "0",
              "r": "2",
              "sb": "0",
              "po": "10",
              "ab": "3"
            },
            {
              "hr": "0",
              "sac": "0",
              "name_display_first_last": "Jake Lamb",
              "s_h": "29",
              "s_hr": "7",
              "s_rbi": "23",
              "pos": "3B",
              "id": "571875",
              "rbi": "0",
              "bo": "400",
              "lob": "2",
              "name": "Lamb, J",
              "slg": ".523",
              "avg": ".271",
              "bb": "0",
              "fldg": "1.000",
              "ops": ".881",
              "hbp": "0",
              "d": "0",
              "e": "0",
              "so": "1",
              "a": "3",
              "s_so": "36",
              "sf": "0",
              "h": "0",
              "cs": "0",
              "obp": ".358",
              "s_bb": "14",
              "s_r": "21",
              "t": "0",
              "ao": "0",
              "r": "0",
              "sb": "0",
              "po": "1",
              "ab": "4",
              "go": "3"
            },
            {
              "hr": "0",
              "sac": "0",
              "name_display_first_last": "Yasmany Tomas",
              "s_h": "25",
              "s_hr": "5",
              "s_rbi": "20",
              "pos": "LF",
              "id": "630111",
              "rbi": "0",
              "bo": "500",
              "lob": "1",
              "name": "Tomas",
              "slg": ".526",
              "avg": ".263",
              "bb": "1",
              "fldg": ".000",
              "ops": ".843",
              "hbp": "0",
              "d": "0",
              "e": "0",
              "so": "1",
              "a": "0",
              "s_so": "29",
              "sf": "0",
              "h": "0",
              "cs": "0",
              "obp": ".317",
              "s_bb": "8",
              "s_r": "12",
              "t": "0",
              "ao": "0",
              "r": "0",
              "sb": "0",
              "po": "0",
              "ab": "3",
              "go": "2"
            },
            {
              "hr": "0",
              "sac": "0",
              "name_display_first_last": "Archie Bradley",
              "s_h": "0",
              "s_hr": "0",
              "s_rbi": "0",
              "pos": "P",
              "id": "605151",
              "rbi": "0",
              "bo": "501",
              "lob": "0",
              "name": "Bradley, A",
              "slg": ".000",
              "avg": ".000",
              "bb": "0",
              "fldg": ".000",
              "ops": ".000",
              "hbp": "0",
              "d": "0",
              "e": "0",
              "so": "0",
              "a": "0",
              "s_so": "2",
              "sf": "0",
              "h": "0",
              "cs": "0",
              "obp": ".000",
              "s_bb": "0",
              "s_r": "0",
              "t": "0",
              "ao": "0",
              "r": "0",
              "sb": "0",
              "po": "0",
              "ab": "0"
            },
            {
              "hr": "0",
              "sac": "0",
              "name_display_first_last": "Fernando Rodney",
              "s_h": "0",
              "s_hr": "0",
              "s_rbi": "0",
              "pos": "P",
              "id": "407845",
              "rbi": "0",
              "bo": "502",
              "lob": "0",
              "name": "Rodney",
              "slg": ".000",
              "avg": ".000",
              "bb": "0",
              "fldg": ".000",
              "ops": ".000",
              "hbp": "0",
              "d": "0",
              "e": "0",
              "so": "0",
              "a": "0",
              "s_so": "0",
              "sf": "0",
              "h": "0",
              "cs": "0",
              "obp": ".000",
              "s_bb": "0",
              "s_r": "0",
              "t": "0",
              "ao": "0",
              "r": "0",
              "sb": "0",
              "po": "0",
              "ab": "0"
            },
            {
              "hr": "0",
              "sac": "0",
              "name_display_first_last": "Brandon Drury",
              "s_h": "29",
              "s_hr": "1",
              "s_rbi": "8",
              "pos": "2B",
              "id": "592273",
              "rbi": "0",
              "bo": "600",
              "lob": "1",
              "name": "Drury",
              "slg": ".406",
              "avg": ".302",
              "bb": "0",
              "fldg": "1.000",
              "ops": ".756",
              "hbp": "0",
              "d": "0",
              "e": "0",
              "so": "0",
              "a": "2",
              "s_so": "22",
              "sf": "0",
              "h": "0",
              "cs": "0",
              "obp": ".350",
              "s_bb": "7",
              "s_r": "10",
              "t": "0",
              "ao": "3",
              "r": "0",
              "sb": "0",
              "po": "1",
              "ab": "4",
              "go": "1"
            },
            {
              "hr": "0",
              "sac": "0",
              "name_display_first_last": "Chris Owings",
              "s_h": "33",
              "s_hr": "5",
              "s_rbi": "21",
              "pos": "SS",
              "id": "572008",
              "rbi": "0",
              "bo": "700",
              "lob": "0",
              "name": "Owings",
              "slg": ".505",
              "avg": ".308",
              "bb": "0",
              "fldg": "1.000",
              "ops": ".856",
              "hbp": "0",
              "d": "0",
              "e": "0",
              "so": "1",
              "a": "2",
              "s_so": "26",
              "sf": "0",
              "h": "1",
              "cs": "0",
              "obp": ".351",
              "s_bb": "7",
              "s_r": "14",
              "t": "0",
              "ao": "1",
              "r": "0",
              "sb": "0",
              "po": "0",
              "ab": "4",
              "go": "1"
            },
            {
              "hr": "0",
              "sac": "0",
              "name_display_first_last": "Jeff Mathis",
              "s_h": "7",
              "s_hr": "1",
              "s_rbi": "2",
              "pos": "C",
              "id": "425772",
              "rbi": "0",
              "bo": "800",
              "lob": "1",
              "name": "Mathis",
              "slg": ".273",
              "avg": ".127",
              "bb": "0",
              "fldg": "1.000",
              "ops": ".416",
              "hbp": "0",
              "d": "1",
              "e": "0",
              "so": "0",
              "a": "0",
              "s_so": "18",
              "sf": "0",
              "h": "1",
              "cs": "0",
              "obp": ".143",
              "s_bb": "1",
              "s_r": "3",
              "t": "0",
              "ao": "2",
              "r": "0",
              "sb": "0",
              "po": "10",
              "ab": "4",
              "go": "1"
            },
            {
              "hr": "0",
              "sac": "0",
              "name_display_first_last": "Zack Greinke",
              "s_h": "1",
              "s_hr": "0",
              "s_rbi": "0",
              "pos": "P",
              "id": "425844",
              "rbi": "0",
              "bo": "900",
              "lob": "1",
              "name": "Greinke",
              "slg": ".067",
              "avg": ".067",
              "bb": "0",
              "fldg": "1.000",
              "ops": ".192",
              "hbp": "0",
              "d": "0",
              "e": "0",
              "so": "0",
              "a": "4",
              "s_so": "4",
              "sf": "0",
              "h": "0",
              "cs": "0",
              "obp": ".125",
              "s_bb": "1",
              "s_r": "1",
              "t": "0",
              "ao": "1",
              "r": "0",
              "sb": "0",
              "po": "0",
              "ab": "3",
              "go": "2"
            },
            {
              "hr": "0",
              "sac": "0",
              "name_display_first_last": "Gregor Blanco",
              "s_h": "1",
              "s_hr": "0",
              "s_rbi": "0",
              "pos": "LF",
              "id": "453923",
              "rbi": "0",
              "bo": "901",
              "lob": "0",
              "name": "Blanco, G",
              "slg": "1.000",
              "avg": "1.000",
              "bb": "0",
              "fldg": ".000",
              "ops": "2.000",
              "hbp": "0",
              "d": "0",
              "e": "0",
              "so": "0",
              "a": "0",
              "s_so": "0",
              "sf": "0",
              "h": "1",
              "cs": "0",
              "obp": "1.000",
              "s_bb": "0",
              "s_r": "0",
              "t": "0",
              "ao": "0",
              "r": "0",
              "sb": "0",
              "po": "0",
              "ab": "1"
            }
          ],
          "h": "8",
          "text_data_es": "\n         <doubles>Pollock (11, Marquez); Mathis (3, Marquez).</doubles><br/>\n         <triples>Pollock (2, Marquez).</triples><br/>\n         <home_runs>Goldschmidt 2 (7, 1st entrada ante Marquez, 0 en base, 1 out; 3rd entrada ante Marquez, 2 en base, 1 out).</home_runs><br/>\n         <total_bases>Pollock 5; Mathis 2; Blanco, G; Goldschmidt 9; Owings.</total_bases><br/>\n         <rbi>Peralta, D (8); Goldschmidt 5 (26).</rbi><br/>\n         <two_out_rbi>Goldschmidt.</two_out_rbi><br/>\n         <risp_lob_two_out>Pollock; Tomas.</risp_lob_two_out><br/>\n         <grounded_into_dp>Peralta, D.</grounded_into_dp><br/>\n         <team_risp>\n            \t\t\t\t\t\t\tde 2-7.\n         </team_risp>\n         <team_lob>5.</team_lob><br/>",
          "text_data": "\n         <doubles>Pollock (11, Marquez); Mathis (3, Marquez).</doubles><br/>\n         <triples>Pollock (2, Marquez).</triples><br/>\n         <home_runs>Goldschmidt 2 (7, 1st inning off Marquez, 0 on, 1 out; 3rd inning off Marquez, 2 on, 1 out).</home_runs><br/>\n         <total_bases>Pollock 5; Mathis 2; Blanco, G; Goldschmidt 9; Owings.</total_bases><br/>\n         <rbi>Peralta, D (8); Goldschmidt 5 (26).</rbi><br/>\n         <two_out_rbi>Goldschmidt.</two_out_rbi><br/>\n         <risp_lob_two_out>Pollock; Tomas.</risp_lob_two_out><br/>\n         <grounded_into_dp>Peralta, D.</grounded_into_dp><br/>\n         <team_risp>2-for-7.</team_risp>\n         <team_lob>5.</team_lob><br/>",
          "obp": ".329",
          "rbi": "6",
          "lob": "9",
          "t": "1",
          "r": "6",
          "team_flag": "away",
          "ab": "35",
          "po": "27",
          "slg": ".437",
          "avg": ".261",
          "bb": "3",
          "ops": ".766"
        }
      ],
      "away_sname": "Arizona",
      "game_id": "2017/05/05/arimlb-colmlb-1",
      "home_team_code": "col",
      "venue_id": "19",
      "home_wins": "18",
      "away_team_code": "ari",
      "away_id": "109",
      "home_fname": "Colorado Rockies"
    }
  }
}
